{
  "cx": 631.2213745117188,
  "cy": 363.2010192871094,
  "depth_scale": 1.0,
  "fx": 521.3108520507812,
  "fy": 521.3108520507812,
  "height": 720,
  "width": 1280
}
